"Transaction Hash","Timestamp","From","To","Transaction Type","Asset Contract Address","Asset Symbol","Token ID","Amount","Gas Used"
"0x69ea1c58662db26c43462221339b386709d4b44af23ce9b7feb401c0c3deeea9","1732626971","0x8c8d7c46219d9205f056f28fee5950ad564d7465","0xa39b189482f984388a34460636fea9eb181ad1a6","Unknown","","","","5646810060003162","21000"
"0xc09da0b378f6e1c390cb9df6f9fd515d2cd35d83602302af0dc0a4f2c11c9a7f","1732651091","0xa39b189482f984388a34460636fea9eb181ad1a6","0xdac17f958d2ee523a2206206994597c13d831ec7","Unknown","","","","0","58409"
"0xd84b99c3159d67b2869d340ab39a6b1c2542502fa9e1e516469f8088a1a9eb83","1734690959","0xa39b189482f984388a34460636fea9eb181ad1a6","0xdac17f958d2ee523a2206206994597c13d831ec7","Unknown","","","","0","58409"
"0xdd9f6f4220d80d7c31cce7515ddca79838d83aa2a0f477e7071650ced564bc84","1739535179","0xa39b189482f984388a34460636fea9eb181ad1a6","0xa0b86991c6218b36c1d19d4a2e9eb0ce3606eb48","Unknown","","","","0","45160"
"0xf63411bd2abb7ecebaf9fe5aafeb6a87d4e565a21d5294335d0da1c7afa8f0d0","1740124979","0xa39b189482f984388a34460636fea9eb181ad1a6","0xa0b86991c6218b36c1d19d4a2e9eb0ce3606eb48","Unknown","","","","0","57460"
"0x94bcccffda6327af2e5a609eb1186347a1847418d3cb55fe723479dc0723c6e3","1732602959","0x258494a21d9ea90fcbcb9e22bd57c6899de0d995","0xa39b189482f984388a34460636fea9eb181ad1a6","USDT","0xdac17f958d2ee523a2206206994597c13d831ec7","Tether USD","647821942","63209"
"0xc09da0b378f6e1c390cb9df6f9fd515d2cd35d83602302af0dc0a4f2c11c9a7f","1732651091","0xa39b189482f984388a34460636fea9eb181ad1a6","0xcab8dc8aa5f79ce5b5f730bdabf4b55d1a96b6f3","USDT","0xdac17f958d2ee523a2206206994597c13d831ec7","Tether USD","647821942","58409"
"0x5ba94c0c84deaba03adbac8495bdcd75c8a0e53fccb386fcdfdc052030205a27","1734653087","0x258494a21d9ea90fcbcb9e22bd57c6899de0d995","0xa39b189482f984388a34460636fea9eb181ad1a6","USDT","0xdac17f958d2ee523a2206206994597c13d831ec7","Tether USD","832445411","63209"
"0xd84b99c3159d67b2869d340ab39a6b1c2542502fa9e1e516469f8088a1a9eb83","1734690959","0xa39b189482f984388a34460636fea9eb181ad1a6","0xcab8dc8aa5f79ce5b5f730bdabf4b55d1a96b6f3","USDT","0xdac17f958d2ee523a2206206994597c13d831ec7","Tether USD","832445411","58409"
"0xfcd8c3e39f59d0b5c40c3700961141b4c227d12b9a3bfda711c9120cf08d3e5c","1739501531","0xfe18ca748583566c4fa7dc40700ed4243ecc0a3c","0xa39b189482f984388a34460636fea9eb181ad1a6","USDC","0xa0b86991c6218b36c1d19d4a2e9eb0ce3606eb48","USDC","801797344","62260"
"0xdd9f6f4220d80d7c31cce7515ddca79838d83aa2a0f477e7071650ced564bc84","1739535179","0xa39b189482f984388a34460636fea9eb181ad1a6","0xcab8dc8aa5f79ce5b5f730bdabf4b55d1a96b6f3","USDC","0xa0b86991c6218b36c1d19d4a2e9eb0ce3606eb48","USDC","210469998","45160"
"0xf63411bd2abb7ecebaf9fe5aafeb6a87d4e565a21d5294335d0da1c7afa8f0d0","1740124979","0xa39b189482f984388a34460636fea9eb181ad1a6","0xcab8dc8aa5f79ce5b5f730bdabf4b55d1a96b6f3","USDC","0xa0b86991c6218b36c1d19d4a2e9eb0ce3606eb48","USDC","591327346","57460"
"0x70180fff2c5e884ab70c6b427443c7f6ec3cec2e8a32fe30555d3d273eaf5451","1741587575","0xfe18ca748583566c4fa7dc40700ed4243ecc0a3c","0xa39b189482f984388a34460636fea9eb181ad1a6","USDC","0xa0b86991c6218b36c1d19d4a2e9eb0ce3606eb48","USDC","289895270","62260"
"0x37077f6a0225a9be78d8a1d224b8a9f05aad80cc89dd560942cca4638ee712d6","1741752827","0xfe18ca748583566c4fa7dc40700ed4243ecc0a3c","0xa39b189482f984388a34460636fea9eb181ad1a6","USDC","0xa0b86991c6218b36c1d19d4a2e9eb0ce3606eb48","USDC","8899885422","45172"
